{
  "parent": "item/generated",
  "textures": {
    "layer0": "item/disc_fragment_5"
  },
  "overrides": [
    {
      "predicate": {
        "custom_model_data": 27
      },
      "model": "item/fragment_badappleunknownartistone"
    },
    {
      "predicate": {
        "custom_model_data": 28
      },
      "model": "item/fragment_luminaunknownartistone"
    },
    {
      "predicate": {
        "custom_model_data": 1
      },
      "model": "item/fragment_unknownartisttwozero"
    },
    {
      "predicate": {
        "custom_model_data": 2
      },
      "model": "item/fragment_featunknownartisttwo"
    },
    {
      "predicate": {
        "custom_model_data": 3
      },
      "model": "item/fragment_featgodishone"
    },
    {
      "predicate": {
        "custom_model_data": 4
      },
      "model": "item/fragment_iacevioaiunknownartistone"
    },
    {
      "predicate": {
        "custom_model_data": 5
      },
      "model": "item/fragment_visualunknownartistone"
    },
    {
      "predicate": {
        "custom_model_data": 6
      },
      "model": "item/fragment_unknownartisttwozerozero"
    },
    {
      "predicate": {
        "custom_model_data": 7
      },
      "model": "item/fragment_ghostavenueevemusicvideoone"
    },
    {
      "predicate": {
        "custom_model_data": 8
      },
      "model": "item/fragment_newstarlovecoloredmasone"
    },
    {
      "predicate": {
        "custom_model_data": 9
      },
      "model": "item/fragment_featmvunknownartisttwo"
    },
    {
      "predicate": {
        "custom_model_data": 10
      },
      "model": "item/fragment_fullofdesiredesiredriveunknownartistone"
    },
    {
      "predicate": {
        "custom_model_data": 11
      },
      "model": "item/fragment_housewakasagilakeunknownartistone"
    },
    {
      "predicate": {
        "custom_model_data": 12
      },
      "model": "item/fragment_visiovulpeculaeunknownartistone"
    },
    {
      "predicate": {
        "custom_model_data": 13
      },
      "model": "item/fragment_refreqtunknownartistone"
    },
    {
      "predicate": {
        "custom_model_data": 14
      },
      "model": "item/fragment_unknownartisttwozerozerozero"
    },
    {
      "predicate": {
        "custom_model_data": 15
      },
      "model": "item/fragment_rninezerosixfeatone"
    },
    {
      "predicate": {
        "custom_model_data": 16
      },
      "model": "item/fragment_featheatabnormaliyowafeatadachunknownartistone"
    },
    {
      "predicate": {
        "custom_model_data": 17
      },
      "model": "item/fragment_unknownartisttwozerozerozerozero"
    },
    {
      "predicate": {
        "custom_model_data": 18
      },
      "model": "item/fragment_remixfeatunknownartistone"
    },
    {
      "predicate": {
        "custom_model_data": 19
      },
      "model": "item/fragment_unknownartisttwozerozerozerozerozero"
    },
    {
      "predicate": {
        "custom_model_data": 20
      },
      "model": "item/fragment_onezerozerozerofeatlivingmillenniumiyowaunknownartistone"
    },
    {
      "predicate": {
        "custom_model_data": 21
      },
      "model": "item/fragment_lofisunlightone"
    },
    {
      "predicate": {
        "custom_model_data": 22
      },
      "model": "item/fragment_unknownartisttwozerozerozerozerozerozero"
    },
    {
      "predicate": {
        "custom_model_data": 23
      },
      "model": "item/fragment_featnine"
    },
    {
      "predicate": {
        "custom_model_data": 24
      },
      "model": "item/fragment_featmvunknownartisttwozero"
    },
    {
      "predicate": {
        "custom_model_data": 25
      },
      "model": "item/fragment_evemvone"
    },
    {
      "predicate": {
        "custom_model_data": 26
      },
      "model": "item/fragment_yesterdayunknownartist"
    }
  ]
}