{
  "parent": "item/generated",
  "textures": {
    "layer0": "item/music_disc_11"
  },
  "overrides": [
    {
      "predicate": {
        "custom_model_data": 27
      },
      "model": "item/music_disc_badappleunknownartistone"
    },
    {
      "predicate": {
        "custom_model_data": 28
      },
      "model": "item/music_disc_luminaunknownartistone"
    },
    {
      "predicate": {
        "custom_model_data": 1
      },
      "model": "item/music_disc_unknownartisttwozero"
    },
    {
      "predicate": {
        "custom_model_data": 2
      },
      "model": "item/music_disc_featunknownartisttwo"
    },
    {
      "predicate": {
        "custom_model_data": 3
      },
      "model": "item/music_disc_featgodishone"
    },
    {
      "predicate": {
        "custom_model_data": 4
      },
      "model": "item/music_disc_iacevioaiunknownartistone"
    },
    {
      "predicate": {
        "custom_model_data": 5
      },
      "model": "item/music_disc_visualunknownartistone"
    },
    {
      "predicate": {
        "custom_model_data": 6
      },
      "model": "item/music_disc_unknownartisttwozerozero"
    },
    {
      "predicate": {
        "custom_model_data": 7
      },
      "model": "item/music_disc_ghostavenueevemusicvideoone"
    },
    {
      "predicate": {
        "custom_model_data": 8
      },
      "model": "item/music_disc_newstarlovecoloredmasone"
    },
    {
      "predicate": {
        "custom_model_data": 9
      },
      "model": "item/music_disc_featmvunknownartisttwo"
    },
    {
      "predicate": {
        "custom_model_data": 10
      },
      "model": "item/music_disc_fullofdesiredesiredriveunknownartistone"
    },
    {
      "predicate": {
        "custom_model_data": 11
      },
      "model": "item/music_disc_housewakasagilakeunknownartistone"
    },
    {
      "predicate": {
        "custom_model_data": 12
      },
      "model": "item/music_disc_visiovulpeculaeunknownartistone"
    },
    {
      "predicate": {
        "custom_model_data": 13
      },
      "model": "item/music_disc_refreqtunknownartistone"
    },
    {
      "predicate": {
        "custom_model_data": 14
      },
      "model": "item/music_disc_unknownartisttwozerozerozero"
    },
    {
      "predicate": {
        "custom_model_data": 15
      },
      "model": "item/music_disc_rninezerosixfeatone"
    },
    {
      "predicate": {
        "custom_model_data": 16
      },
      "model": "item/music_disc_featheatabnormaliyowafeatadachunknownartistone"
    },
    {
      "predicate": {
        "custom_model_data": 17
      },
      "model": "item/music_disc_unknownartisttwozerozerozerozero"
    },
    {
      "predicate": {
        "custom_model_data": 18
      },
      "model": "item/music_disc_remixfeatunknownartistone"
    },
    {
      "predicate": {
        "custom_model_data": 19
      },
      "model": "item/music_disc_unknownartisttwozerozerozerozerozero"
    },
    {
      "predicate": {
        "custom_model_data": 20
      },
      "model": "item/music_disc_onezerozerozerofeatlivingmillenniumiyowaunknownartistone"
    },
    {
      "predicate": {
        "custom_model_data": 21
      },
      "model": "item/music_disc_lofisunlightone"
    },
    {
      "predicate": {
        "custom_model_data": 22
      },
      "model": "item/music_disc_unknownartisttwozerozerozerozerozerozero"
    },
    {
      "predicate": {
        "custom_model_data": 23
      },
      "model": "item/music_disc_featnine"
    },
    {
      "predicate": {
        "custom_model_data": 24
      },
      "model": "item/music_disc_featmvunknownartisttwozero"
    },
    {
      "predicate": {
        "custom_model_data": 25
      },
      "model": "item/music_disc_evemvone"
    },
    {
      "predicate": {
        "custom_model_data": 26
      },
      "model": "item/music_disc_yesterdayunknownartist"
    }
  ]
}