[
  {
    "title": "【東方】Bad Apple!! ＰＶ【影絵】",
    "author": "Unknown artist",
    "duration": 220,
    "disc-namespace": "badappleunknownartistone",
    "model-data": 27,
    "creeper-drop": true,
    "lores": [],
    "loot-tables": {},
    "fragment-loot-tables": {}
  },
  {
    "title": "Lumina",
    "author": "Unknown artist",
    "duration": 200,
    "disc-namespace": "luminaunknownartistone",
    "model-data": 28,
    "creeper-drop": true,
    "lores": [],
    "loot-tables": {},
    "fragment-loot-tables": {}
  },
  {
    "title": "憑いている  初音ミク",
    "author": "Unknown artist",
    "duration": 169,
    "disc-namespace": "unknownartisttwozero",
    "model-data": 1,
    "creeper-drop": true,
    "lores": [],
    "loot-tables": {},
    "fragment-loot-tables": {}
  },
  {
    "title": "デッドリー・マッドマンズ・トラジェディア  feat.重音テト",
    "author": "Unknown artist",
    "duration": 226,
    "disc-namespace": "featunknownartisttwo",
    "model-data": 2,
    "creeper-drop": true,
    "lores": [],
    "loot-tables": {},
    "fragment-loot-tables": {}
  },
  {
    "title": "ピノキオピー",
    "author": "神っぽいな feat. 初音ミク  God - ish",
    "duration": 205,
    "disc-namespace": "featgodishone",
    "model-data": 3,
    "creeper-drop": true,
    "lores": [],
    "loot-tables": {},
    "fragment-loot-tables": {}
  },
  {
    "title": "ノウナイディスコ  IA [CeVIO AI]",
    "author": "Unknown artist",
    "duration": 219,
    "disc-namespace": "iacevioaiunknownartistone",
    "model-data": 4,
    "creeper-drop": true,
    "lores": [],
    "loot-tables": {},
    "fragment-loot-tables": {}
  },
  {
    "title": "Ⅰ→Ⅱ→Ⅲ→Ⅳ→Ⅴ（visual）",
    "author": "Unknown artist",
    "duration": 1044,
    "disc-namespace": "visualunknownartistone",
    "model-data": 5,
    "creeper-drop": true,
    "lores": [],
    "loot-tables": {},
    "fragment-loot-tables": {}
  },
  {
    "title": "まにまに  初音ミク",
    "author": "Unknown artist",
    "duration": 269,
    "disc-namespace": "unknownartisttwozerozero",
    "model-data": 6,
    "creeper-drop": true,
    "lores": [],
    "loot-tables": {},
    "fragment-loot-tables": {}
  },
  {
    "title": "ゴーストアベニュー(Ghost Avenue)",
    "author": "Eve Music Video",
    "duration": 198,
    "disc-namespace": "ghostavenueevemusicvideoone",
    "model-data": 7,
    "creeper-drop": true,
    "lores": [],
    "loot-tables": {},
    "fragment-loot-tables": {}
  },
  {
    "title": "[東方自作アレンジ] New Star [原曲恋色マスタースパーク(Love",
    "author": "colored Mas",
    "duration": 160,
    "disc-namespace": "newstarlovecoloredmasone",
    "model-data": 8,
    "creeper-drop": true,
    "lores": [],
    "loot-tables": {},
    "fragment-loot-tables": {}
  },
  {
    "title": "エンパープル  はるまきごはん feat.初音ミク アニメMV",
    "author": "Unknown artist",
    "duration": 181,
    "disc-namespace": "featmvunknownartisttwo",
    "model-data": 9,
    "creeper-drop": true,
    "lores": [],
    "loot-tables": {},
    "fragment-loot-tables": {}
  },
  {
    "title": "[東方自作アレンジ] Full of Desire [原曲デザイアドライブ(Desire Drive",
    "author": "Unknown artist",
    "duration": 302,
    "disc-namespace": "fullofdesiredesiredriveunknownartistone",
    "model-data": 10,
    "creeper-drop": true,
    "lores": [],
    "loot-tables": {},
    "fragment-loot-tables": {}
  },
  {
    "title": "【東方House】Wakasagi Lake【原曲：秘境のマーメイド】",
    "author": "Unknown artist",
    "duration": 186,
    "disc-namespace": "housewakasagilakeunknownartistone",
    "model-data": 11,
    "creeper-drop": true,
    "lores": [],
    "loot-tables": {},
    "fragment-loot-tables": {}
  },
  {
    "title": "Visio Vulpeculae (小狐の視野)",
    "author": "Unknown artist",
    "duration": 113,
    "disc-namespace": "visiovulpeculaeunknownartistone",
    "model-data": 12,
    "creeper-drop": true,
    "lores": [],
    "loot-tables": {},
    "fragment-loot-tables": {}
  },
  {
    "title": "Refreqt",
    "author": "Unknown artist",
    "duration": 154,
    "disc-namespace": "refreqtunknownartistone",
    "model-data": 13,
    "creeper-drop": true,
    "lores": [],
    "loot-tables": {},
    "fragment-loot-tables": {}
  },
  {
    "title": "レイのつぶやき  足立レイ",
    "author": "Unknown artist",
    "duration": 159,
    "disc-namespace": "unknownartisttwozerozerozero",
    "model-data": 14,
    "creeper-drop": true,
    "lores": [],
    "loot-tables": {},
    "fragment-loot-tables": {}
  },
  {
    "title": "プシ  r",
    "author": "906 feat.初音ミク",
    "duration": 252,
    "disc-namespace": "rninezerosixfeatone",
    "model-data": 15,
    "creeper-drop": true,
    "lores": [],
    "loot-tables": {},
    "fragment-loot-tables": {}
  },
  {
    "title": "熱異常  いよわ feat.足立レイ（Heat abnormal  Iyowa feat.Adach",
    "author": "Unknown artist",
    "duration": 242,
    "disc-namespace": "featheatabnormaliyowafeatadachunknownartistone",
    "model-data": 16,
    "creeper-drop": true,
    "lores": [],
    "loot-tables": {},
    "fragment-loot-tables": {}
  },
  {
    "title": "梅に鶯  琴葉 茜・葵",
    "author": "Unknown artist",
    "duration": 258,
    "disc-namespace": "unknownartisttwozerozerozerozero",
    "model-data": 17,
    "creeper-drop": true,
    "lores": [],
    "loot-tables": {},
    "fragment-loot-tables": {}
  },
  {
    "title": "世界は踊る、されど廻らず。(新目鳥 Remix feat.可不）",
    "author": "Unknown artist",
    "duration": 123,
    "disc-namespace": "remixfeatunknownartistone",
    "model-data": 18,
    "creeper-drop": true,
    "lores": [],
    "loot-tables": {},
    "fragment-loot-tables": {}
  },
  {
    "title": "あまもや  裏命・狐子",
    "author": "Unknown artist",
    "duration": 228,
    "disc-namespace": "unknownartisttwozerozerozerozerozero",
    "model-data": 19,
    "creeper-drop": true,
    "lores": [],
    "loot-tables": {},
    "fragment-loot-tables": {}
  },
  {
    "title": "1000年生きてる  いよわ feat.初音ミク（living millennium  Iyowa ",
    "author": "Unknown artist",
    "duration": 195,
    "disc-namespace": "onezerozerozerofeatlivingmillenniumiyowaunknownartistone",
    "model-data": 20,
    "creeper-drop": true,
    "lores": [],
    "loot-tables": {},
    "fragment-loot-tables": {}
  },
  {
    "title": "【Lo",
    "author": "fi】sunlight【原曲：蓬莱伝説】",
    "duration": 260,
    "disc-namespace": "lofisunlightone",
    "model-data": 21,
    "creeper-drop": true,
    "lores": [],
    "loot-tables": {},
    "fragment-loot-tables": {}
  },
  {
    "title": "三日月ステップ  初音ミク",
    "author": "Unknown artist",
    "duration": 187,
    "disc-namespace": "unknownartisttwozerozerozerozerozerozero",
    "model-data": 22,
    "creeper-drop": true,
    "lores": [],
    "loot-tables": {},
    "fragment-loot-tables": {}
  },
  {
    "title": "東京真中",
    "author": "ドゥーマー feat. 重音テト",
    "duration": 158,
    "disc-namespace": "featnine",
    "model-data": 23,
    "creeper-drop": true,
    "lores": [],
    "loot-tables": {},
    "fragment-loot-tables": {}
  },
  {
    "title": "ゼロトーキング  はるまきごはん feat.初音ミク アニメMV",
    "author": "Unknown artist",
    "duration": 227,
    "disc-namespace": "featmvunknownartisttwozero",
    "model-data": 24,
    "creeper-drop": true,
    "lores": [],
    "loot-tables": {},
    "fragment-loot-tables": {}
  },
  {
    "title": "逃避行",
    "author": "Eve MV",
    "duration": 181,
    "disc-namespace": "evemvone",
    "model-data": 25,
    "creeper-drop": true,
    "lores": [],
    "loot-tables": {},
    "fragment-loot-tables": {}
  },
  {
    "title": "yesterday",
    "author": "Unknown artist",
    "duration": 304,
    "disc-namespace": "yesterdayunknownartist",
    "model-data": 26,
    "creeper-drop": true,
    "lores": [],
    "loot-tables": {},
    "fragment-loot-tables": {}
  }
]