{
  "badappleunknownartistone": {
    "sounds": [
      {
        "name": "records/badappleunknownartistone",
        "stream": true
      }
    ]
  },
  "luminaunknownartistone": {
    "sounds": [
      {
        "name": "records/luminaunknownartistone",
        "stream": true
      }
    ]
  },
  "unknownartisttwozero": {
    "sounds": [
      {
        "name": "records/unknownartisttwozero",
        "stream": true
      }
    ]
  },
  "featunknownartisttwo": {
    "sounds": [
      {
        "name": "records/featunknownartisttwo",
        "stream": true
      }
    ]
  },
  "featgodishone": {
    "sounds": [
      {
        "name": "records/featgodishone",
        "stream": true
      }
    ]
  },
  "iacevioaiunknownartistone": {
    "sounds": [
      {
        "name": "records/iacevioaiunknownartistone",
        "stream": true
      }
    ]
  },
  "visualunknownartistone": {
    "sounds": [
      {
        "name": "records/visualunknownartistone",
        "stream": true
      }
    ]
  },
  "unknownartisttwozerozero": {
    "sounds": [
      {
        "name": "records/unknownartisttwozerozero",
        "stream": true
      }
    ]
  },
  "ghostavenueevemusicvideoone": {
    "sounds": [
      {
        "name": "records/ghostavenueevemusicvideoone",
        "stream": true
      }
    ]
  },
  "newstarlovecoloredmasone": {
    "sounds": [
      {
        "name": "records/newstarlovecoloredmasone",
        "stream": true
      }
    ]
  },
  "featmvunknownartisttwo": {
    "sounds": [
      {
        "name": "records/featmvunknownartisttwo",
        "stream": true
      }
    ]
  },
  "fullofdesiredesiredriveunknownartistone": {
    "sounds": [
      {
        "name": "records/fullofdesiredesiredriveunknownartistone",
        "stream": true
      }
    ]
  },
  "housewakasagilakeunknownartistone": {
    "sounds": [
      {
        "name": "records/housewakasagilakeunknownartistone",
        "stream": true
      }
    ]
  },
  "visiovulpeculaeunknownartistone": {
    "sounds": [
      {
        "name": "records/visiovulpeculaeunknownartistone",
        "stream": true
      }
    ]
  },
  "refreqtunknownartistone": {
    "sounds": [
      {
        "name": "records/refreqtunknownartistone",
        "stream": true
      }
    ]
  },
  "unknownartisttwozerozerozero": {
    "sounds": [
      {
        "name": "records/unknownartisttwozerozerozero",
        "stream": true
      }
    ]
  },
  "rninezerosixfeatone": {
    "sounds": [
      {
        "name": "records/rninezerosixfeatone",
        "stream": true
      }
    ]
  },
  "featheatabnormaliyowafeatadachunknownartistone": {
    "sounds": [
      {
        "name": "records/featheatabnormaliyowafeatadachunknownartistone",
        "stream": true
      }
    ]
  },
  "unknownartisttwozerozerozerozero": {
    "sounds": [
      {
        "name": "records/unknownartisttwozerozerozerozero",
        "stream": true
      }
    ]
  },
  "remixfeatunknownartistone": {
    "sounds": [
      {
        "name": "records/remixfeatunknownartistone",
        "stream": true
      }
    ]
  },
  "unknownartisttwozerozerozerozerozero": {
    "sounds": [
      {
        "name": "records/unknownartisttwozerozerozerozerozero",
        "stream": true
      }
    ]
  },
  "onezerozerozerofeatlivingmillenniumiyowaunknownartistone": {
    "sounds": [
      {
        "name": "records/onezerozerozerofeatlivingmillenniumiyowaunknownartistone",
        "stream": true
      }
    ]
  },
  "lofisunlightone": {
    "sounds": [
      {
        "name": "records/lofisunlightone",
        "stream": true
      }
    ]
  },
  "unknownartisttwozerozerozerozerozerozero": {
    "sounds": [
      {
        "name": "records/unknownartisttwozerozerozerozerozerozero",
        "stream": true
      }
    ]
  },
  "featnine": {
    "sounds": [
      {
        "name": "records/featnine",
        "stream": true
      }
    ]
  },
  "featmvunknownartisttwozero": {
    "sounds": [
      {
        "name": "records/featmvunknownartisttwozero",
        "stream": true
      }
    ]
  },
  "evemvone": {
    "sounds": [
      {
        "name": "records/evemvone",
        "stream": true
      }
    ]
  },
  "yesterdayunknownartist": {
    "sounds": [
      {
        "name": "records/yesterdayunknownartist",
        "stream": true
      }
    ]
  }
}