{
  "model": {
    "type": "range_dispatch",
    "property": "custom_model_data",
    "fallback": {
      "type": "model",
      "model": "item/disc_fragment_5"
    },
    "entries": [
      {
        "threshold": 27,
        "model": {
          "type": "model",
          "model": "item/fragment_badappleunknownartistone"
        }
      },
      {
        "threshold": 28,
        "model": {
          "type": "model",
          "model": "item/fragment_luminaunknownartistone"
        }
      },
      {
        "threshold": 1,
        "model": {
          "type": "model",
          "model": "item/fragment_unknownartisttwozero"
        }
      },
      {
        "threshold": 2,
        "model": {
          "type": "model",
          "model": "item/fragment_featunknownartisttwo"
        }
      },
      {
        "threshold": 3,
        "model": {
          "type": "model",
          "model": "item/fragment_featgodishone"
        }
      },
      {
        "threshold": 4,
        "model": {
          "type": "model",
          "model": "item/fragment_iacevioaiunknownartistone"
        }
      },
      {
        "threshold": 5,
        "model": {
          "type": "model",
          "model": "item/fragment_visualunknownartistone"
        }
      },
      {
        "threshold": 6,
        "model": {
          "type": "model",
          "model": "item/fragment_unknownartisttwozerozero"
        }
      },
      {
        "threshold": 7,
        "model": {
          "type": "model",
          "model": "item/fragment_ghostavenueevemusicvideoone"
        }
      },
      {
        "threshold": 8,
        "model": {
          "type": "model",
          "model": "item/fragment_newstarlovecoloredmasone"
        }
      },
      {
        "threshold": 9,
        "model": {
          "type": "model",
          "model": "item/fragment_featmvunknownartisttwo"
        }
      },
      {
        "threshold": 10,
        "model": {
          "type": "model",
          "model": "item/fragment_fullofdesiredesiredriveunknownartistone"
        }
      },
      {
        "threshold": 11,
        "model": {
          "type": "model",
          "model": "item/fragment_housewakasagilakeunknownartistone"
        }
      },
      {
        "threshold": 12,
        "model": {
          "type": "model",
          "model": "item/fragment_visiovulpeculaeunknownartistone"
        }
      },
      {
        "threshold": 13,
        "model": {
          "type": "model",
          "model": "item/fragment_refreqtunknownartistone"
        }
      },
      {
        "threshold": 14,
        "model": {
          "type": "model",
          "model": "item/fragment_unknownartisttwozerozerozero"
        }
      },
      {
        "threshold": 15,
        "model": {
          "type": "model",
          "model": "item/fragment_rninezerosixfeatone"
        }
      },
      {
        "threshold": 16,
        "model": {
          "type": "model",
          "model": "item/fragment_featheatabnormaliyowafeatadachunknownartistone"
        }
      },
      {
        "threshold": 17,
        "model": {
          "type": "model",
          "model": "item/fragment_unknownartisttwozerozerozerozero"
        }
      },
      {
        "threshold": 18,
        "model": {
          "type": "model",
          "model": "item/fragment_remixfeatunknownartistone"
        }
      },
      {
        "threshold": 19,
        "model": {
          "type": "model",
          "model": "item/fragment_unknownartisttwozerozerozerozerozero"
        }
      },
      {
        "threshold": 20,
        "model": {
          "type": "model",
          "model": "item/fragment_onezerozerozerofeatlivingmillenniumiyowaunknownartistone"
        }
      },
      {
        "threshold": 21,
        "model": {
          "type": "model",
          "model": "item/fragment_lofisunlightone"
        }
      },
      {
        "threshold": 22,
        "model": {
          "type": "model",
          "model": "item/fragment_unknownartisttwozerozerozerozerozerozero"
        }
      },
      {
        "threshold": 23,
        "model": {
          "type": "model",
          "model": "item/fragment_featnine"
        }
      },
      {
        "threshold": 24,
        "model": {
          "type": "model",
          "model": "item/fragment_featmvunknownartisttwozero"
        }
      },
      {
        "threshold": 25,
        "model": {
          "type": "model",
          "model": "item/fragment_evemvone"
        }
      },
      {
        "threshold": 26,
        "model": {
          "type": "model",
          "model": "item/fragment_yesterdayunknownartist"
        }
      }
    ]
  }
}