{
  "model": {
    "type": "range_dispatch",
    "property": "custom_model_data",
    "fallback": {
      "type": "model",
      "model": "item/music_disc_11"
    },
    "entries": [
      {
        "threshold": 27,
        "model": {
          "type": "model",
          "model": "item/music_disc_badappleunknownartistone"
        }
      },
      {
        "threshold": 28,
        "model": {
          "type": "model",
          "model": "item/music_disc_luminaunknownartistone"
        }
      },
      {
        "threshold": 1,
        "model": {
          "type": "model",
          "model": "item/music_disc_unknownartisttwozero"
        }
      },
      {
        "threshold": 2,
        "model": {
          "type": "model",
          "model": "item/music_disc_featunknownartisttwo"
        }
      },
      {
        "threshold": 3,
        "model": {
          "type": "model",
          "model": "item/music_disc_featgodishone"
        }
      },
      {
        "threshold": 4,
        "model": {
          "type": "model",
          "model": "item/music_disc_iacevioaiunknownartistone"
        }
      },
      {
        "threshold": 5,
        "model": {
          "type": "model",
          "model": "item/music_disc_visualunknownartistone"
        }
      },
      {
        "threshold": 6,
        "model": {
          "type": "model",
          "model": "item/music_disc_unknownartisttwozerozero"
        }
      },
      {
        "threshold": 7,
        "model": {
          "type": "model",
          "model": "item/music_disc_ghostavenueevemusicvideoone"
        }
      },
      {
        "threshold": 8,
        "model": {
          "type": "model",
          "model": "item/music_disc_newstarlovecoloredmasone"
        }
      },
      {
        "threshold": 9,
        "model": {
          "type": "model",
          "model": "item/music_disc_featmvunknownartisttwo"
        }
      },
      {
        "threshold": 10,
        "model": {
          "type": "model",
          "model": "item/music_disc_fullofdesiredesiredriveunknownartistone"
        }
      },
      {
        "threshold": 11,
        "model": {
          "type": "model",
          "model": "item/music_disc_housewakasagilakeunknownartistone"
        }
      },
      {
        "threshold": 12,
        "model": {
          "type": "model",
          "model": "item/music_disc_visiovulpeculaeunknownartistone"
        }
      },
      {
        "threshold": 13,
        "model": {
          "type": "model",
          "model": "item/music_disc_refreqtunknownartistone"
        }
      },
      {
        "threshold": 14,
        "model": {
          "type": "model",
          "model": "item/music_disc_unknownartisttwozerozerozero"
        }
      },
      {
        "threshold": 15,
        "model": {
          "type": "model",
          "model": "item/music_disc_rninezerosixfeatone"
        }
      },
      {
        "threshold": 16,
        "model": {
          "type": "model",
          "model": "item/music_disc_featheatabnormaliyowafeatadachunknownartistone"
        }
      },
      {
        "threshold": 17,
        "model": {
          "type": "model",
          "model": "item/music_disc_unknownartisttwozerozerozerozero"
        }
      },
      {
        "threshold": 18,
        "model": {
          "type": "model",
          "model": "item/music_disc_remixfeatunknownartistone"
        }
      },
      {
        "threshold": 19,
        "model": {
          "type": "model",
          "model": "item/music_disc_unknownartisttwozerozerozerozerozero"
        }
      },
      {
        "threshold": 20,
        "model": {
          "type": "model",
          "model": "item/music_disc_onezerozerozerofeatlivingmillenniumiyowaunknownartistone"
        }
      },
      {
        "threshold": 21,
        "model": {
          "type": "model",
          "model": "item/music_disc_lofisunlightone"
        }
      },
      {
        "threshold": 22,
        "model": {
          "type": "model",
          "model": "item/music_disc_unknownartisttwozerozerozerozerozerozero"
        }
      },
      {
        "threshold": 23,
        "model": {
          "type": "model",
          "model": "item/music_disc_featnine"
        }
      },
      {
        "threshold": 24,
        "model": {
          "type": "model",
          "model": "item/music_disc_featmvunknownartisttwozero"
        }
      },
      {
        "threshold": 25,
        "model": {
          "type": "model",
          "model": "item/music_disc_evemvone"
        }
      },
      {
        "threshold": 26,
        "model": {
          "type": "model",
          "model": "item/music_disc_yesterdayunknownartist"
        }
      }
    ]
  }
}